second,Volt,Volt
-28.30000E-09,+3.76924636261538E+00,+3.71851243264973E+00
-28.22188E-09,+3.76924636261538E+00,+3.71348730707541E+00
-28.14375E-09,+3.76924636261538E+00,+3.71228127693757E+00
-28.06563E-09,+3.76924636261538E+00,+3.71228127693757E+00
-27.98750E-09,+3.76924636261538E+00,+3.71228127693757E+00
-27.90938E-09,+3.76924636261538E+00,+3.71610037237406E+00
-27.83125E-09,+3.76924636261538E+00,+3.72494459338486E+00
-27.75313E-09,+3.77306545805186E+00,+3.73117574909702E+00
-27.67500E-09,+3.77427148818970E+00,+3.74001997010782E+00
-27.59688E-09,+3.77427148818970E+00,+3.75007022125646E+00
-27.51875E-09,+3.77427148818970E+00,+3.75630137696862E+00
-27.44063E-09,+3.77427148818970E+00,+3.76896469341591E+00
-27.36250E-09,+3.77427148818970E+00,+3.77640187926590E+00
-27.28438E-09,+3.77045239275321E+00,+3.78524610027671E+00
-27.20625E-09,+3.76924636261538E+00,+3.79911544686183E+00
-27.12813E-09,+3.76924636261538E+00,+3.81037172814831E+00
-27.05000E-09,+3.76924636261538E+00,+3.82042197929695E+00
-26.97188E-09,+3.76924636261538E+00,+3.83047223044559E+00
-26.89375E-09,+3.76924636261538E+00,+3.84052248159423E+00
-26.81563E-09,+3.76924636261538E+00,+3.84675363730639E+00
-26.73750E-09,+3.76924636261538E+00,+3.84795966744423E+00
-26.65938E-09,+3.77306545805186E+00,+3.84795966744423E+00
-26.58125E-09,+3.77809058362618E+00,+3.84032147657126E+00
-26.50313E-09,+3.77929661376402E+00,+3.83409032085911E+00
-26.42500E-09,+3.77929661376402E+00,+3.82524609984830E+00
-26.34688E-09,+3.77929661376402E+00,+3.80755765782670E+00
-26.26875E-09,+3.77547751832754E+00,+3.79509534640238E+00
-26.19063E-09,+3.77427148818970E+00,+3.78504509525374E+00
-26.11250E-09,+3.76663329731673E+00,+3.77117574866862E+00
-26.03438E-09,+3.75658304616809E+00,+3.75991946738214E+00
-25.95625E-09,+3.74653279501945E+00,+3.75750740710646E+00
-25.87813E-09,+3.73648254387081E+00,+3.75368831166998E+00
-25.80000E-09,+3.72643229272217E+00,+3.75248228153214E+00
-25.72188E-09,+3.72020113701001E+00,+3.75248228153214E+00
-25.64375E-09,+3.71517601143569E+00,+3.75630137696862E+00
-25.56563E-09,+3.71396998129785E+00,+3.75750740710646E+00
-25.48750E-09,+3.71778907673433E+00,+3.76132650254294E+00
-25.40938E-09,+3.71899510687217E+00,+3.76635162811726E+00
-25.33125E-09,+3.72663329774513E+00,+3.76755765825510E+00
-25.25313E-09,+3.74050264433026E+00,+3.76755765825510E+00
-25.17500E-09,+3.75175892561674E+00,+3.77137675369158E+00
-25.09688E-09,+3.75799008132890E+00,+3.77258278382942E+00
-25.01875E-09,+3.76683430233970E+00,+3.76876368839294E+00
-24.94063E-09,+3.77306545805186E+00,+3.76755765825510E+00
-24.86250E-09,+3.77809058362618E+00,+3.76755765825510E+00
-24.78438E-09,+3.77929661376402E+00,+3.76373856281862E+00
-24.70625E-09,+3.77929661376402E+00,+3.75871343724430E+00
-24.62813E-09,+3.77929661376402E+00,+3.75368831166998E+00
-24.55000E-09,+3.77547751832754E+00,+3.75248228153214E+00
-24.47188E-09,+3.77045239275322E+00,+3.75248228153214E+00
-24.39375E-09,+3.76924636261538E+00,+3.75248228153214E+00
-24.31563E-09,+3.76924636261538E+00,+3.75630137696862E+00
-24.23750E-09,+3.76924636261538E+00,+3.76132650254294E+00
-24.15938E-09,+3.76924636261538E+00,+3.77017072355374E+00
-24.08125E-09,+3.76924636261538E+00,+3.78022097470238E+00
-24.00313E-09,+3.76924636261538E+00,+3.79409032128750E+00
-23.92500E-09,+3.76924636261538E+00,+3.80534660257399E+00
-23.84688E-09,+3.77306545805186E+00,+3.82303504459559E+00
-23.76875E-09,+3.77427148818970E+00,+3.83549735601991E+00
-23.69063E-09,+3.77427148818970E+00,+3.84172851173207E+00
-23.61250E-09,+3.77427148818970E+00,+3.84675363730639E+00
-23.53438E-09,+3.77427148818970E+00,+3.84795966744423E+00
-23.45625E-09,+3.77427148818970E+00,+3.84795966744423E+00
-23.37813E-09,+3.77045239275322E+00,+3.84032147657127E+00
-23.30000E-09,+3.76924636261538E+00,+3.83027122542263E+00
-23.22188E-09,+3.76924636261538E+00,+3.82022097427399E+00
-23.14375E-09,+3.76924636261538E+00,+3.80635162768886E+00
-23.06563E-09,+3.76924636261538E+00,+3.79891444183886E+00
-22.98750E-09,+3.76924636261538E+00,+3.79007022082806E+00
-22.90938E-09,+3.76924636261538E+00,+3.78001996967942E+00
-22.83125E-09,+3.76924636261538E+00,+3.76996971853078E+00
-22.75313E-09,+3.76924636261538E+00,+3.76373856281862E+00
-22.67500E-09,+3.77306545805186E+00,+3.75489434180782E+00
-22.59688E-09,+3.77427148818970E+00,+3.74484409065918E+00
-22.51875E-09,+3.77427148818970E+00,+3.73861293494702E+00
-22.44063E-09,+3.77045239275322E+00,+3.72976871393622E+00
-22.36250E-09,+3.76924636261538E+00,+3.72353755822406E+00
-22.28438E-09,+3.76924636261538E+00,+3.71469333721326E+00
-22.20625E-09,+3.76924636261538E+00,+3.70846218150109E+00
-22.12813E-09,+3.76924636261538E+00,+3.69961796049029E+00
-22.05000E-09,+3.76924636261538E+00,+3.69338680477813E+00
-21.97188E-09,+3.76924636261538E+00,+3.68836167920381E+00
-21.89375E-09,+3.76924636261538E+00,+3.68333655362949E+00
-21.81563E-09,+3.76924636261538E+00,+3.67831142805517E+00
-21.73750E-09,+3.77306545805186E+00,+3.67710539791733E+00
-21.65938E-09,+3.77427148818970E+00,+3.67710539791733E+00
-21.58125E-09,+3.77427148818970E+00,+3.67710539791733E+00
-21.50313E-09,+3.77427148818970E+00,+3.67710539791733E+00
-21.42500E-09,+3.77427148818970E+00,+3.67710539791733E+00
-21.34688E-09,+3.77427148818970E+00,+3.67710539791733E+00
-21.26875E-09,+3.77045239275322E+00,+3.67710539791733E+00
-21.19063E-09,+3.76924636261538E+00,+3.67710539791733E+00
-21.11250E-09,+3.76924636261538E+00,+3.68092449335381E+00
-21.03438E-09,+3.76924636261538E+00,+3.68594961892813E+00
-20.95625E-09,+3.76924636261538E+00,+3.69097474450245E+00
-20.87813E-09,+3.76924636261538E+00,+3.70363806094973E+00
-20.80000E-09,+3.76924636261538E+00,+3.71489434223621E+00
-20.72188E-09,+3.76924636261538E+00,+3.72494459338485E+00
-20.64375E-09,+3.76924636261538E+00,+3.73499484453349E+00
-20.56563E-09,+3.77306545805186E+00,+3.74504509568213E+00
-20.48750E-09,+3.77427148818970E+00,+3.75509534683078E+00
-20.40938E-09,+3.77427148818970E+00,+3.76132650254294E+00
-20.33125E-09,+3.77809058362618E+00,+3.76635162811726E+00
-20.25313E-09,+3.77547751832754E+00,+3.76755765825510E+00
-20.17500E-09,+3.77045239275322E+00,+3.77137675369158E+00
-20.09688E-09,+3.76924636261538E+00,+3.77258278382942E+00
-20.01875E-09,+3.76160817174242E+00,+3.76876368839294E+00
-19.94063E-09,+3.75537701603026E+00,+3.76755765825510E+00
-19.86250E-09,+3.74653279501946E+00,+3.76755765825510E+00
-19.78438E-09,+3.73266344843434E+00,+3.76755765825510E+00
-19.70625E-09,+3.72140716714786E+00,+3.76755765825510E+00
-19.62813E-09,+3.71135691599921E+00,+3.76755765825510E+00
-19.55000E-09,+3.70130666485057E+00,+3.76755765825510E+00
-19.47188E-09,+3.69125641370193E+00,+3.76373856281862E+00
-19.39375E-09,+3.68502525798977E+00,+3.75489434180782E+00
-19.31563E-09,+3.68000013241545E+00,+3.74866318609566E+00
-19.23750E-09,+3.67497500684113E+00,+3.73981896508486E+00
-19.15938E-09,+3.67376897670329E+00,+3.72976871393622E+00
-19.08125E-09,+3.67758807213976E+00,+3.71971846278758E+00
-19.00313E-09,+3.67879410227761E+00,+3.70584911620246E+00
-18.92500E-09,+3.68643229315056E+00,+3.69459283491598E+00
-18.84688E-09,+3.69266344886273E+00,+3.68454258376734E+00
-18.76875E-09,+3.70150766987352E+00,+3.67831142805517E+00
-18.69063E-09,+3.71155792102217E+00,+3.66946720704437E+00
-18.61250E-09,+3.72542726760728E+00,+3.66705514676869E+00
-18.53438E-09,+3.73668354889377E+00,+3.66705514676869E+00
-18.45625E-09,+3.74673380004241E+00,+3.66705514676869E+00
-18.37813E-09,+3.75678405119105E+00,+3.67469333764164E+00
-18.30000E-09,+3.76301520690321E+00,+3.68092449335381E+00
-18.22188E-09,+3.76804033247753E+00,+3.68976871436461E+00
-18.14375E-09,+3.77306545805186E+00,+3.69981896551325E+00
-18.06563E-09,+3.77809058362617E+00,+3.70986921666189E+00
-17.98750E-09,+3.77547751832754E+00,+3.71991946781053E+00
-17.90938E-09,+3.77427148818970E+00,+3.72615062352269E+00
-17.83125E-09,+3.77427148818970E+00,+3.73499484453349E+00
-17.75313E-09,+3.77045239275322E+00,+3.73740690480918E+00
-17.67500E-09,+3.76924636261538E+00,+3.74504509568213E+00
-17.59688E-09,+3.76924636261538E+00,+3.75509534683077E+00
-17.51875E-09,+3.76924636261538E+00,+3.76132650254294E+00
-17.44063E-09,+3.76924636261538E+00,+3.77017072355373E+00
-17.36250E-09,+3.76924636261538E+00,+3.77640187926590E+00
-17.28438E-09,+3.76924636261538E+00,+3.78524610027670E+00
-17.20625E-09,+3.76924636261538E+00,+3.79911544686181E+00
-17.12813E-09,+3.76924636261538E+00,+3.81037172814830E+00
-17.05000E-09,+3.77306545805185E+00,+3.81660288386046E+00
-16.97188E-09,+3.77427148818970E+00,+3.82926620030774E+00
-16.89375E-09,+3.77427148818970E+00,+3.84052248159422E+00
-16.81563E-09,+3.77427148818970E+00,+3.84675363730639E+00
-16.73750E-09,+3.77427148818970E+00,+3.84795966744423E+00
-16.65938E-09,+3.77427148818970E+00,+3.84795966744423E+00
-16.58125E-09,+3.77045239275322E+00,+3.84414057200775E+00
-16.50313E-09,+3.76924636261538E+00,+3.83529635099696E+00
-16.42500E-09,+3.76924636261538E+00,+3.82524609984831E+00
-16.34688E-09,+3.76924636261538E+00,+3.81519584869967E+00
-16.26875E-09,+3.76924636261538E+00,+3.80132650211456E+00
-16.19063E-09,+3.76924636261538E+00,+3.79007022082807E+00
-16.11250E-09,+3.76924636261538E+00,+3.77620087424295E+00
-16.03438E-09,+3.76924636261538E+00,+3.76494459295647E+00
-15.95625E-09,+3.76924636261538E+00,+3.75871343724430E+00
-15.87813E-09,+3.77306545805185E+00,+3.74605012079703E+00
-15.80000E-09,+3.77427148818970E+00,+3.73861293494702E+00
-15.72188E-09,+3.77809058362617E+00,+3.72976871393622E+00
-15.64375E-09,+3.77929661376402E+00,+3.72353755822406E+00
-15.56563E-09,+3.77929661376402E+00,+3.72233152808622E+00
-15.48750E-09,+3.77547751832754E+00,+3.72233152808622E+00
-15.40938E-09,+3.77427148818970E+00,+3.72233152808622E+00
-15.33125E-09,+3.76663329731675E+00,+3.72233152808622E+00
-15.25313E-09,+3.76040214160458E+00,+3.72233152808622E+00
-15.17500E-09,+3.75155792059378E+00,+3.72233152808622E+00
-15.09688E-09,+3.74150766944514E+00,+3.72615062352269E+00
-15.01875E-09,+3.73145741829650E+00,+3.72735665366054E+00
-14.94063E-09,+3.72522626258434E+00,+3.72353755822406E+00
-14.86250E-09,+3.71638204157354E+00,+3.72233152808622E+00
-14.78438E-09,+3.71396998129785E+00,+3.72233152808622E+00
-14.70625E-09,+3.71396998129785E+00,+3.71851243264974E+00
-14.62813E-09,+3.71778907673433E+00,+3.71730640251189E+00
-14.55000E-09,+3.72281420230865E+00,+3.71730640251189E+00
-14.47188E-09,+3.73165842331944E+00,+3.71730640251189E+00
-14.39375E-09,+3.74170867446808E+00,+3.72112549794837E+00
-14.31563E-09,+3.75557802105320E+00,+3.72615062352269E+00
-14.23750E-09,+3.76683430233969E+00,+3.73117574909701E+00
-14.15938E-09,+3.77688455348833E+00,+3.73620087467133E+00
-14.08125E-09,+3.78311570920049E+00,+3.74504509568213E+00
-14.00313E-09,+3.78432173933834E+00,+3.75127625139429E+00
-13.92500E-09,+3.78814083477481E+00,+3.76012047240509E+00
-13.84688E-09,+3.78552776947618E+00,+3.77017072355373E+00
-13.76875E-09,+3.77668354846539E+00,+3.77258278382942E+00
-13.69063E-09,+3.77045239275322E+00,+3.77258278382942E+00
-13.61250E-09,+3.76160817174243E+00,+3.77258278382942E+00
-13.53438E-09,+3.75155792059379E+00,+3.76876368839295E+00
-13.45625E-09,+3.73768857400867E+00,+3.76755765825510E+00
-13.37813E-09,+3.72643229272218E+00,+3.76373856281863E+00
-13.30000E-09,+3.72020113701002E+00,+3.76253253268078E+00
-13.22188E-09,+3.70753782056275E+00,+3.76253253268078E+00
-13.14375E-09,+3.70010063471273E+00,+3.76253253268078E+00
-13.06563E-09,+3.69125641370194E+00,+3.76253253268078E+00
-12.98750E-09,+3.68120616255330E+00,+3.76253253268078E+00
-12.90938E-09,+3.67879410227761E+00,+3.76253253268078E+00
-12.83125E-09,+3.67879410227761E+00,+3.76253253268078E+00
-12.75313E-09,+3.67879410227761E+00,+3.76253253268078E+00
-12.67500E-09,+3.67879410227761E+00,+3.76635162811725E+00
-12.59688E-09,+3.67879410227761E+00,+3.76755765825510E+00
-12.51875E-09,+3.68643229315055E+00,+3.76755765825510E+00
-12.44063E-09,+3.69266344886272E+00,+3.76755765825510E+00
-12.36250E-09,+3.70150766987352E+00,+3.76755765825510E+00
-12.28438E-09,+3.71537701645863E+00,+3.76373856281863E+00
-12.20625E-09,+3.72663329774512E+00,+3.76253253268078E+00
-12.12813E-09,+3.73668354889376E+00,+3.76253253268078E+00
-12.05000E-09,+3.74673380004240E+00,+3.76253253268078E+00
-11.97188E-09,+3.75678405119104E+00,+3.76253253268078E+00
-11.89375E-09,+3.76301520690321E+00,+3.76253253268078E+00
-11.81563E-09,+3.76804033247753E+00,+3.76253253268078E+00
-11.73750E-09,+3.77306545805185E+00,+3.76253253268078E+00
-11.65938E-09,+3.77809058362617E+00,+3.76253253268078E+00
-11.58125E-09,+3.77547751832754E+00,+3.76635162811725E+00
-11.50313E-09,+3.77427148818970E+00,+3.76755765825510E+00
-11.42500E-09,+3.77427148818970E+00,+3.76755765825510E+00
-11.34688E-09,+3.77045239275322E+00,+3.76755765825510E+00
-11.26875E-09,+3.76924636261538E+00,+3.76755765825510E+00
-11.19063E-09,+3.76924636261538E+00,+3.76755765825510E+00
-11.11250E-09,+3.76924636261538E+00,+3.76755765825510E+00
-11.03438E-09,+3.76924636261538E+00,+3.76373856281863E+00
-10.95625E-09,+3.76924636261538E+00,+3.76253253268078E+00
-10.87813E-09,+3.76924636261538E+00,+3.76253253268078E+00
-10.80000E-09,+3.76924636261538E+00,+3.76253253268078E+00
-10.72188E-09,+3.76924636261538E+00,+3.76253253268078E+00
-10.64375E-09,+3.77306545805185E+00,+3.76253253268078E+00
-10.56563E-09,+3.77427148818970E+00,+3.76253253268078E+00
-10.48750E-09,+3.77427148818970E+00,+3.76253253268078E+00
-10.40938E-09,+3.77427148818970E+00,+3.76253253268078E+00
-10.33125E-09,+3.77427148818970E+00,+3.76253253268078E+00
-10.25313E-09,+3.77427148818970E+00,+3.76253253268078E+00
-10.17500E-09,+3.77045239275323E+00,+3.76635162811725E+00
-10.09688E-09,+3.76924636261538E+00,+3.76755765825510E+00
-10.01875E-09,+3.76924636261538E+00,+3.76755765825510E+00
-9.94063E-09,+3.76924636261538E+00,+3.76755765825510E+00
-9.86250E-09,+3.76924636261538E+00,+3.76755765825510E+00
-9.78438E-09,+3.76924636261538E+00,+3.76755765825510E+00
-9.70625E-09,+3.76924636261538E+00,+3.76373856281863E+00
-9.62813E-09,+3.76924636261538E+00,+3.76253253268078E+00
-9.55000E-09,+3.76924636261538E+00,+3.76253253268078E+00
-9.47188E-09,+3.76924636261538E+00,+3.76253253268078E+00
-9.39375E-09,+3.76924636261538E+00,+3.76253253268078E+00
-9.31563E-09,+3.77306545805185E+00,+3.76253253268078E+00
-9.23750E-09,+3.77427148818970E+00,+3.76253253268078E+00
-9.15938E-09,+3.77427148818970E+00,+3.76253253268078E+00
-9.08125E-09,+3.77427148818970E+00,+3.76635162811725E+00
-9.00313E-09,+3.77427148818970E+00,+3.76755765825510E+00
-8.92500E-09,+3.77427148818970E+00,+3.77137675369157E+00
-8.84688E-09,+3.77045239275323E+00,+3.77258278382942E+00
-8.76875E-09,+3.76924636261538E+00,+3.77258278382942E+00
-8.69063E-09,+3.76924636261538E+00,+3.76876368839295E+00
-8.61250E-09,+3.76924636261538E+00,+3.76373856281863E+00
-8.53438E-09,+3.76924636261538E+00,+3.75489434180784E+00
-8.45625E-09,+3.76924636261538E+00,+3.74484409065920E+00
-8.37813E-09,+3.76924636261538E+00,+3.73097474407408E+00
-8.30000E-09,+3.76924636261538E+00,+3.71589936735112E+00
-8.22188E-09,+3.76924636261538E+00,+3.70082399062816E+00
-8.14375E-09,+3.77306545805185E+00,+3.68574861390520E+00
-8.06563E-09,+3.77427148818970E+00,+3.67831142805518E+00
-7.98750E-09,+3.77809058362617E+00,+3.67328630248086E+00
-7.90938E-09,+3.77929661376402E+00,+3.67208027234301E+00
-7.83125E-09,+3.77547751832755E+00,+3.67589936777948E+00
-7.75313E-09,+3.77045239275323E+00,+3.68092449335380E+00
-7.67500E-09,+3.76542726717891E+00,+3.69358780980106E+00
-7.59688E-09,+3.76040214160459E+00,+3.70866318652403E+00
-7.51875E-09,+3.75155792059379E+00,+3.72373856324699E+00
-7.44063E-09,+3.74150766944515E+00,+3.73881393996995E+00
-7.36250E-09,+3.73145741829651E+00,+3.75007022125644E+00
-7.28438E-09,+3.71758807171140E+00,+3.76012047240508E+00
-7.20625E-09,+3.70633179042491E+00,+3.76635162811725E+00
-7.12813E-09,+3.69628153927627E+00,+3.77137675369157E+00
-7.05000E-09,+3.69005038356410E+00,+3.77258278382942E+00
-6.97188E-09,+3.68120616255331E+00,+3.77258278382942E+00
-6.89375E-09,+3.67879410227761E+00,+3.76876368839295E+00
-6.81563E-09,+3.67497500684114E+00,+3.76755765825510E+00
-6.73750E-09,+3.67376897670329E+00,+3.76373856281863E+00
-6.65938E-09,+3.67758807213976E+00,+3.76253253268078E+00
-6.58125E-09,+3.68261319771408E+00,+3.76253253268078E+00
-6.50313E-09,+3.68763832328840E+00,+3.76253253268078E+00
-6.42500E-09,+3.69648254429919E+00,+3.76253253268078E+00
-6.34688E-09,+3.70653279544783E+00,+3.76253253268078E+00
-6.26875E-09,+3.71658304659647E+00,+3.76253253268078E+00
-6.19063E-09,+3.72663329774511E+00,+3.76253253268078E+00
-6.11250E-09,+3.74050264433022E+00,+3.76635162811725E+00
-6.03438E-09,+3.75175892561672E+00,+3.76755765825510E+00
-5.95625E-09,+3.75799008132889E+00,+3.76755765825510E+00
-5.87813E-09,+3.76683430233968E+00,+3.76755765825510E+00
-5.80000E-09,+3.76924636261538E+00,+3.76755765825510E+00
-5.72188E-09,+3.77306545805185E+00,+3.76373856281863E+00
-5.64375E-09,+3.77809058362617E+00,+3.76253253268078E+00
-5.56563E-09,+3.77547751832755E+00,+3.76253253268078E+00
-5.48750E-09,+3.77427148818970E+00,+3.76253253268078E+00
-5.40938E-09,+3.77427148818970E+00,+3.76253253268078E+00
-5.33125E-09,+3.77045239275323E+00,+3.76253253268078E+00
-5.25313E-09,+3.76924636261538E+00,+3.76253253268078E+00
-5.17500E-09,+3.76924636261538E+00,+3.76253253268078E+00
-5.09688E-09,+3.76924636261538E+00,+3.76635162811725E+00
-5.01875E-09,+3.76924636261538E+00,+3.76755765825510E+00
-4.94063E-09,+3.76924636261538E+00,+3.77137675369157E+00
-4.86250E-09,+3.76924636261538E+00,+3.77258278382942E+00
-4.78438E-09,+3.76924636261538E+00,+3.77258278382942E+00
-4.70625E-09,+3.76924636261538E+00,+3.76876368839295E+00
-4.62813E-09,+3.77306545805185E+00,+3.76373856281863E+00
-4.55000E-09,+3.77427148818970E+00,+3.75871343724431E+00
-4.47188E-09,+3.77427148818970E+00,+3.74605012079705E+00
-4.39375E-09,+3.77427148818970E+00,+3.73097474407408E+00
-4.31563E-09,+3.77427148818970E+00,+3.71971846278759E+00
-4.23750E-09,+3.77427148818970E+00,+3.70584911620248E+00
-4.15938E-09,+3.77045239275323E+00,+3.69459283491599E+00
-4.08125E-09,+3.76924636261538E+00,+3.68454258376735E+00
-4.00313E-09,+3.76924636261538E+00,+3.67831142805518E+00
-3.92500E-09,+3.76924636261538E+00,+3.67710539791733E+00
-3.84688E-09,+3.76924636261538E+00,+3.67710539791733E+00
-3.76875E-09,+3.76924636261538E+00,+3.68092449335380E+00
-3.69063E-09,+3.76924636261538E+00,+3.68976871436459E+00
-3.61250E-09,+3.76924636261538E+00,+3.70363806094971E+00
-3.53438E-09,+3.76924636261538E+00,+3.71871343767267E+00
-3.45625E-09,+3.77306545805185E+00,+3.72996971895916E+00
-3.37813E-09,+3.77427148818970E+00,+3.74383906554427E+00
-3.30000E-09,+3.77427148818970E+00,+3.75509534683076E+00
-3.22188E-09,+3.77427148818970E+00,+3.76514559797940E+00
-3.14375E-09,+3.77427148818970E+00,+3.77519584912804E+00
-3.06563E-09,+3.77427148818970E+00,+3.77760790940374E+00
-2.98750E-09,+3.77427148818970E+00,+3.77760790940374E+00
-2.90938E-09,+3.77427148818970E+00,+3.77760790940374E+00
-2.83125E-09,+3.77427148818970E+00,+3.77378881396727E+00
-2.75313E-09,+3.77427148818970E+00,+3.76876368839295E+00
-2.67500E-09,+3.77427148818970E+00,+3.76373856281863E+00
-2.59688E-09,+3.77427148818970E+00,+3.75489434180784E+00
-2.51875E-09,+3.77427148818970E+00,+3.74484409065920E+00
-2.44063E-09,+3.77427148818970E+00,+3.73479383951056E+00
-2.36250E-09,+3.77427148818970E+00,+3.72474358836191E+00
-2.28438E-09,+3.77427148818970E+00,+3.71469333721327E+00
-2.20625E-09,+3.77427148818970E+00,+3.70464308606463E+00
-2.12813E-09,+3.77427148818970E+00,+3.69459283491599E+00
-2.05000E-09,+3.77427148818970E+00,+3.68836167920382E+00
-1.97188E-09,+3.77427148818970E+00,+3.67951745819303E+00
-1.89375E-09,+3.77427148818970E+00,+3.67328630248086E+00
-1.81563E-09,+3.77427148818970E+00,+3.67208027234301E+00
-1.73750E-09,+3.77427148818970E+00,+3.67208027234301E+00
-1.65938E-09,+3.77427148818970E+00,+3.67208027234301E+00
-1.58125E-09,+3.77427148818970E+00,+3.67208027234301E+00
-1.50313E-09,+3.77427148818970E+00,+3.67589936777948E+00
-1.42500E-09,+3.77427148818970E+00,+3.68474358879027E+00
-1.34688E-09,+3.77427148818970E+00,+3.69479383993891E+00
-1.26875E-09,+3.77427148818970E+00,+3.70484409108755E+00
-1.19063E-09,+3.77427148818970E+00,+3.71489434223620E+00
-1.11250E-09,+3.77427148818970E+00,+3.72876368882131E+00
-1.03438E-09,+3.77427148818970E+00,+3.74001997010780E+00
-956.25E-12,+3.77427148818970E+00,+3.74625112581997E+00
-878.13E-12,+3.77427148818970E+00,+3.75509534683076E+00
-800.00E-12,+3.77427148818970E+00,+3.76132650254293E+00
-721.88E-12,+3.77427148818970E+00,+3.76635162811725E+00
-643.75E-12,+3.77427148818970E+00,+3.77137675369157E+00
-565.63E-12,+3.77427148818970E+00,+3.77258278382942E+00
-487.50E-12,+3.77427148818970E+00,+3.76876368839295E+00
-409.38E-12,+3.77427148818970E+00,+3.76755765825510E+00
-331.25E-12,+3.77427148818970E+00,+3.76373856281863E+00
-253.13E-12,+3.77427148818970E+00,+3.76253253268078E+00
-175.00E-12,+3.77427148818970E+00,+3.76253253268078E+00
-96.88E-12,+3.77427148818970E+00,+3.76253253268078E+00
-18.75E-12,+3.77427148818970E+00,+3.76253253268078E+00
+59.37E-12,+3.77427148818970E+00,+3.76253253268078E+00
+137.50E-12,+3.77427148818970E+00,+3.76253253268078E+00
+215.62E-12,+3.77427148818970E+00,+3.76253253268078E+00
+293.75E-12,+3.77427148818970E+00,+3.76635162811725E+00
+371.87E-12,+3.77427148818970E+00,+3.76755765825510E+00
+450.00E-12,+3.77427148818970E+00,+3.76755765825510E+00
+528.12E-12,+3.77427148818970E+00,+3.76755765825510E+00
+606.25E-12,+3.77427148818970E+00,+3.76755765825510E+00
+684.37E-12,+3.77427148818970E+00,+3.76373856281863E+00
+762.50E-12,+3.77427148818970E+00,+3.76253253268078E+00
+840.62E-12,+3.77427148818970E+00,+3.76253253268078E+00
+918.75E-12,+3.77427148818970E+00,+3.76253253268078E+00
+996.87E-12,+3.77427148818970E+00,+3.76253253268078E+00
+1.07500E-09,+3.77427148818970E+00,+3.76253253268078E+00
+1.15312E-09,+3.77427148818970E+00,+3.76253253268078E+00
+1.23125E-09,+3.77427148818970E+00,+3.76253253268078E+00
+1.30937E-09,+3.77427148818970E+00,+3.76635162811725E+00
+1.38750E-09,+3.77427148818970E+00,+3.77137675369157E+00
+1.46562E-09,+3.77427148818970E+00,+3.77258278382942E+00
+1.54375E-09,+3.77427148818970E+00,+3.77258278382942E+00
+1.62187E-09,+3.77427148818970E+00,+3.77258278382942E+00
+1.70000E-09,+3.77427148818970E+00,+3.76876368839295E+00
+1.77812E-09,+3.77427148818970E+00,+3.75991946738216E+00
+1.85625E-09,+3.77427148818970E+00,+3.74986921623352E+00
+1.93437E-09,+3.77427148818970E+00,+3.74363806052135E+00
+2.01250E-09,+3.77427148818970E+00,+3.73097474407408E+00
+2.09062E-09,+3.77427148818970E+00,+3.71589936735112E+00
+2.16875E-09,+3.77427148818970E+00,+3.70464308606463E+00
+2.24687E-09,+3.77427148818970E+00,+3.69459283491599E+00
+2.32500E-09,+3.77427148818970E+00,+3.68454258376735E+00
+2.40312E-09,+3.77427148818970E+00,+3.67831142805518E+00
+2.48125E-09,+3.77427148818970E+00,+3.67710539791733E+00
+2.55937E-09,+3.77427148818970E+00,+3.67710539791733E+00
+2.63750E-09,+3.77427148818970E+00,+3.67710539791733E+00
+2.71562E-09,+3.77427148818970E+00,+3.67710539791733E+00
+2.79375E-09,+3.77427148818970E+00,+3.68092449335380E+00
+2.87187E-09,+3.77427148818970E+00,+3.68594961892812E+00
+2.95000E-09,+3.77427148818970E+00,+3.68715564906597E+00
+3.02812E-09,+3.77427148818970E+00,+3.68715564906597E+00
+3.10625E-09,+3.77427148818970E+00,+3.68715564906597E+00
+3.18437E-09,+3.77045239275323E+00,+3.68333655362950E+00
+3.26250E-09,+3.76924636261538E+00,+3.67831142805518E+00
+3.34062E-09,+3.76924636261538E+00,+3.67710539791733E+00
+3.41875E-09,+3.76924636261538E+00,+3.67710539791733E+00
+3.49687E-09,+3.76924636261538E+00,+3.67710539791733E+00
+3.57500E-09,+3.76924636261538E+00,+3.67710539791733E+00
+3.65312E-09,+3.76924636261538E+00,+3.68092449335380E+00
+3.73125E-09,+3.76924636261538E+00,+3.68213052349165E+00
+3.80937E-09,+3.76924636261538E+00,+3.68976871436459E+00
+3.88750E-09,+3.76924636261538E+00,+3.70363806094971E+00
+3.96562E-09,+3.77306545805185E+00,+3.71489434223620E+00
+4.04375E-09,+3.77427148818970E+00,+3.72112549794837E+00
+4.12187E-09,+3.77427148818970E+00,+3.72996971895916E+00
+4.20000E-09,+3.77427148818970E+00,+3.73620087467133E+00
+4.27812E-09,+3.77427148818970E+00,+3.74122600024565E+00
+4.35625E-09,+3.77427148818970E+00,+3.73861293494703E+00
+4.43437E-09,+3.77045239275323E+00,+3.73358780937271E+00
+4.51250E-09,+3.76924636261538E+00,+3.72474358836191E+00
+4.59062E-09,+3.76924636261538E+00,+3.71469333721327E+00
+4.66875E-09,+3.76924636261538E+00,+3.70464308606463E+00
+4.74687E-09,+3.76924636261538E+00,+3.69459283491599E+00
+4.82500E-09,+3.76924636261538E+00,+3.68072348833088E+00
+4.90312E-09,+3.76924636261538E+00,+3.67328630248086E+00
+4.98125E-09,+3.76924636261538E+00,+3.66826117690654E+00
+5.05937E-09,+3.77306545805185E+00,+3.66705514676869E+00
+5.13750E-09,+3.77427148818970E+00,+3.66705514676869E+00
+5.21562E-09,+3.77809058362617E+00,+3.66705514676869E+00
+5.29375E-09,+3.77929661376402E+00,+3.67469333764163E+00
+5.37187E-09,+3.77929661376402E+00,+3.68474358879027E+00
+5.45000E-09,+3.77547751832755E+00,+3.69097474450244E+00
+5.52812E-09,+3.77045239275323E+00,+3.70363806094971E+00
+5.60625E-09,+3.76542726717891E+00,+3.71489434223620E+00
+5.68437E-09,+3.75276395073164E+00,+3.72494459338484E+00
+5.76250E-09,+3.73768857400868E+00,+3.73881393996995E+00
+5.84062E-09,+3.72261319728572E+00,+3.74625112581997E+00
+5.91875E-09,+3.70753782056276E+00,+3.75509534683076E+00
+5.99687E-09,+3.69628153927627E+00,+3.76132650254293E+00
+6.07500E-09,+3.68623128812763E+00,+3.76635162811725E+00
+6.15312E-09,+3.68000013241546E+00,+3.77137675369157E+00
+6.23125E-09,+3.67879410227761E+00,+3.77258278382942E+00
+6.30937E-09,+3.67879410227761E+00,+3.76876368839295E+00
+6.38750E-09,+3.68643229315055E+00,+3.76755765825510E+00
+6.46562E-09,+3.69648254429919E+00,+3.76755765825510E+00
+6.54375E-09,+3.71035189088430E+00,+3.76755765825510E+00
+6.62187E-09,+3.72542726760727E+00,+3.76373856281863E+00
+6.70000E-09,+3.74050264433023E+00,+3.76253253268078E+00
+6.77812E-09,+3.75557802105319E+00,+3.76253253268078E+00
+6.85625E-09,+3.76301520690321E+00,+3.76253253268078E+00
+6.93437E-09,+3.77185942791400E+00,+3.76253253268078E+00
+7.01250E-09,+3.77809058362617E+00,+3.76253253268078E+00
+7.09062E-09,+3.77929661376402E+00,+3.76253253268078E+00
+7.16875E-09,+3.77929661376402E+00,+3.76253253268078E+00
+7.24687E-09,+3.77547751832755E+00,+3.76253253268078E+00
+7.32500E-09,+3.77427148818970E+00,+3.76253253268078E+00
+7.40312E-09,+3.77427148818970E+00,+3.76253253268078E+00
+7.48125E-09,+3.77045239275323E+00,+3.76253253268078E+00
+7.55937E-09,+3.76924636261538E+00,+3.76635162811725E+00
+7.63750E-09,+3.76924636261538E+00,+3.76755765825510E+00
+7.71562E-09,+3.76924636261538E+00,+3.76755765825510E+00
+7.79375E-09,+3.76924636261538E+00,+3.76755765825510E+00
+7.87187E-09,+3.76924636261538E+00,+3.77137675369157E+00
+7.95000E-09,+3.76924636261538E+00,+3.77258278382942E+00
+8.02812E-09,+3.77306545805185E+00,+3.76876368839295E+00
+8.10625E-09,+3.77427148818970E+00,+3.76373856281863E+00
+8.18437E-09,+3.77427148818970E+00,+3.75871343724431E+00
+8.26250E-09,+3.77427148818970E+00,+3.74986921623352E+00
+8.34062E-09,+3.77427148818970E+00,+3.74363806052135E+00
+8.41875E-09,+3.77427148818970E+00,+3.73479383951056E+00
+8.49687E-09,+3.77427148818970E+00,+3.72092449292544E+00
+8.57500E-09,+3.77045239275323E+00,+3.70966821163895E+00
+8.65312E-09,+3.76924636261538E+00,+3.69579886505384E+00
+8.73125E-09,+3.76924636261538E+00,+3.68836167920382E+00
+8.80937E-09,+3.76924636261538E+00,+3.67951745819303E+00
+8.88750E-09,+3.76924636261538E+00,+3.67328630248086E+00
+8.96562E-09,+3.76924636261538E+00,+3.67208027234301E+00
+9.04375E-09,+3.76924636261538E+00,+3.67208027234301E+00
+9.12187E-09,+3.76924636261538E+00,+3.67208027234301E+00
+9.20000E-09,+3.76924636261538E+00,+3.67208027234301E+00
+9.27812E-09,+3.76924636261538E+00,+3.67589936777948E+00
+9.35625E-09,+3.76924636261538E+00,+3.68474358879027E+00
+9.43437E-09,+3.76924636261538E+00,+3.69097474450244E+00
+9.51250E-09,+3.76924636261538E+00,+3.69981896551323E+00
+9.59062E-09,+3.76924636261538E+00,+3.70986921666187E+00
+9.66875E-09,+3.76924636261538E+00,+3.71991946781051E+00
+9.74687E-09,+3.76924636261538E+00,+3.72996971895916E+00
+9.82500E-09,+3.77306545805185E+00,+3.74383906554427E+00
+9.90312E-09,+3.77427148818970E+00,+3.75509534683076E+00
+9.98125E-09,+3.77427148818970E+00,+3.76132650254293E+00
+10.05937E-09,+3.77427148818970E+00,+3.77017072355372E+00
+10.13750E-09,+3.77427148818970E+00,+3.77640187926589E+00
+10.21562E-09,+3.77427148818970E+00,+3.78142700484021E+00
+10.29375E-09,+3.77427148818970E+00,+3.77881393954159E+00
+10.37187E-09,+3.77045239275323E+00,+3.77378881396727E+00
+10.45000E-09,+3.76924636261538E+00,+3.77258278382942E+00
+10.52812E-09,+3.76924636261538E+00,+3.76112549752001E+00
+10.60625E-09,+3.76924636261538E+00,+3.74986921623352E+00
+10.68437E-09,+3.76924636261538E+00,+3.73981896508488E+00
+10.76250E-09,+3.76924636261538E+00,+3.72594961849977E+00
+10.84062E-09,+3.76924636261538E+00,+3.71851243264975E+00
+10.91875E-09,+3.76924636261538E+00,+3.70966821163896E+00
+10.99687E-09,+3.76924636261538E+00,+3.70725615136325E+00
+11.07500E-09,+3.77306545805185E+00,+3.70725615136325E+00
+11.15312E-09,+3.77809058362617E+00,+3.71107524679972E+00
+11.23125E-09,+3.77929661376402E+00,+3.71610037237404E+00
+11.30937E-09,+3.77929661376402E+00,+3.72494459338483E+00
+11.38750E-09,+3.77929661376402E+00,+3.73499484453347E+00
+11.46562E-09,+3.77165842289108E+00,+3.74504509568212E+00
+11.54375E-09,+3.76542726717891E+00,+3.75127625139429E+00
+11.62187E-09,+3.75658304616812E+00,+3.76012047240508E+00
+11.70000E-09,+3.74653279501948E+00,+3.76635162811725E+00
+11.77812E-09,+3.73266344843437E+00,+3.77137675369157E+00
+11.85625E-09,+3.72140716714788E+00,+3.77258278382942E+00
+11.93437E-09,+3.71135691599923E+00,+3.77258278382942E+00
+12.01250E-09,+3.70130666485059E+00,+3.76876368839295E+00
+12.09062E-09,+3.69507550913842E+00,+3.76755765825510E+00
+12.16875E-09,+3.69005038356410E+00,+3.76373856281863E+00
+12.24687E-09,+3.68884435342625E+00,+3.76253253268078E+00
+12.32500E-09,+3.68884435342625E+00,+3.76253253268078E+00
+12.40312E-09,+3.68884435342625E+00,+3.76253253268078E+00
+12.48125E-09,+3.68884435342625E+00,+3.76253253268078E+00
+12.55937E-09,+3.68884435342625E+00,+3.76253253268078E+00
+12.63750E-09,+3.68884435342625E+00,+3.76253253268078E+00
+12.71562E-09,+3.68884435342625E+00,+3.76253253268078E+00
+12.79375E-09,+3.68884435342625E+00,+3.76635162811725E+00
+12.87187E-09,+3.68884435342625E+00,+3.76755765825510E+00
+12.95000E-09,+3.68884435342625E+00,+3.76755765825510E+00
+13.02812E-09,+3.68884435342625E+00,+3.76755765825510E+00
+13.10625E-09,+3.68884435342625E+00,+3.76755765825510E+00
+13.18437E-09,+3.69648254429918E+00,+3.76755765825510E+00
+13.26250E-09,+3.70653279544783E+00,+3.76373856281863E+00
+13.34062E-09,+3.71276395116000E+00,+3.76253253268078E+00
+13.41875E-09,+3.72542726760725E+00,+3.76253253268078E+00
+13.49687E-09,+3.73668354889375E+00,+3.76253253268078E+00
+13.57500E-09,+3.74673380004239E+00,+3.76253253268078E+00
+13.65312E-09,+3.75678405119103E+00,+3.76253253268078E+00
+13.73125E-09,+3.76683430233967E+00,+3.76253253268078E+00
+13.80937E-09,+3.77306545805184E+00,+3.76253253268078E+00
+13.88750E-09,+3.77809058362616E+00,+3.76253253268078E+00
+13.96562E-09,+3.77929661376402E+00,+3.76253253268078E+00
+14.04375E-09,+3.77929661376402E+00,+3.76253253268078E+00
+14.12187E-09,+3.77547751832755E+00,+3.76635162811725E+00
+14.20000E-09,+3.77427148818970E+00,+3.76755765825510E+00
+14.27812E-09,+3.77045239275323E+00,+3.76755765825510E+00
+14.35625E-09,+3.76924636261538E+00,+3.76755765825510E+00
+14.43437E-09,+3.76924636261538E+00,+3.76755765825510E+00
+14.51250E-09,+3.76924636261538E+00,+3.76755765825510E+00
+14.59062E-09,+3.76924636261538E+00,+3.76373856281863E+00
+14.66875E-09,+3.76924636261538E+00,+3.76253253268078E+00
+14.74687E-09,+3.76924636261538E+00,+3.76253253268078E+00
+14.82500E-09,+3.76924636261538E+00,+3.76253253268078E+00
+14.90312E-09,+3.76924636261538E+00,+3.76253253268078E+00
+14.98125E-09,+3.77306545805184E+00,+3.76253253268078E+00
+15.05937E-09,+3.77427148818970E+00,+3.76253253268078E+00
+15.13750E-09,+3.77427148818970E+00,+3.76253253268078E+00
+15.21562E-09,+3.77427148818970E+00,+3.76253253268078E+00
+15.29375E-09,+3.77427148818970E+00,+3.76635162811725E+00
+15.37187E-09,+3.77427148818970E+00,+3.77137675369157E+00
+15.45000E-09,+3.77045239275323E+00,+3.77258278382942E+00
+15.52812E-09,+3.76924636261538E+00,+3.77258278382942E+00
+15.60625E-09,+3.76924636261538E+00,+3.77258278382942E+00
+15.68437E-09,+3.76924636261538E+00,+3.76876368839295E+00
+15.76250E-09,+3.76924636261538E+00,+3.75991946738217E+00
+15.84062E-09,+3.76924636261538E+00,+3.75368831166999E+00
+15.91875E-09,+3.76924636261538E+00,+3.74484409065921E+00
+15.99687E-09,+3.76924636261538E+00,+3.73097474407410E+00
+16.07500E-09,+3.76924636261538E+00,+3.71971846278760E+00
+16.15312E-09,+3.76924636261538E+00,+3.70584911620250E+00
+16.23125E-09,+3.76924636261538E+00,+3.69841193035247E+00
+16.30937E-09,+3.76924636261538E+00,+3.68956770934168E+00
+16.38750E-09,+3.76924636261538E+00,+3.68333655362951E+00
+16.46562E-09,+3.76924636261538E+00,+3.68213052349165E+00
+16.54375E-09,+3.76924636261538E+00,+3.68213052349165E+00
+16.62187E-09,+3.76924636261538E+00,+3.68213052349165E+00
+16.70000E-09,+3.76924636261538E+00,+3.68213052349165E+00
+16.77812E-09,+3.77306545805184E+00,+3.68213052349165E+00
+16.85625E-09,+3.77427148818970E+00,+3.68213052349165E+00
+16.93437E-09,+3.77427148818970E+00,+3.68213052349165E+00
+17.01250E-09,+3.77427148818970E+00,+3.68213052349165E+00
+17.09062E-09,+3.77427148818970E+00,+3.68213052349165E+00
+17.16875E-09,+3.77427148818970E+00,+3.68213052349165E+00
+17.24687E-09,+3.77045239275323E+00,+3.68213052349165E+00
+17.32500E-09,+3.76924636261538E+00,+3.68213052349165E+00
+17.40312E-09,+3.76924636261538E+00,+3.68976871436458E+00
+17.48125E-09,+3.76924636261538E+00,+3.69599987007676E+00
+17.55937E-09,+3.76924636261538E+00,+3.70484409108754E+00
+17.63750E-09,+3.76924636261538E+00,+3.71489434223618E+00
+17.71562E-09,+3.76924636261538E+00,+3.72494459338483E+00
+17.79375E-09,+3.76924636261538E+00,+3.73881393996993E+00
+17.87187E-09,+3.77306545805184E+00,+3.75007022125643E+00
+17.95000E-09,+3.77427148818970E+00,+3.75630137696860E+00
+18.02812E-09,+3.77809058362616E+00,+3.76514559797939E+00
+18.10625E-09,+3.77929661376402E+00,+3.77137675369157E+00
+18.18437E-09,+3.77929661376402E+00,+3.77258278382942E+00
+18.26250E-09,+3.77547751832755E+00,+3.77258278382942E+00
+18.34062E-09,+3.77045239275323E+00,+3.77258278382942E+00
+18.41875E-09,+3.76160817174245E+00,+3.76876368839296E+00
+18.49687E-09,+3.75155792059381E+00,+3.76373856281864E+00
+18.57500E-09,+3.73768857400870E+00,+3.76253253268078E+00
+18.65312E-09,+3.72261319728574E+00,+3.76253253268078E+00
+18.73125E-09,+3.70753782056278E+00,+3.76253253268078E+00
+18.80937E-09,+3.69628153927628E+00,+3.76253253268078E+00
+18.88750E-09,+3.68623128812764E+00,+3.76253253268078E+00
+18.96562E-09,+3.68000013241546E+00,+3.76253253268078E+00
+19.04375E-09,+3.67879410227761E+00,+3.76253253268078E+00
+19.12187E-09,+3.68261319771407E+00,+3.76253253268078E+00
+19.20000E-09,+3.68763832328839E+00,+3.76635162811724E+00
+19.27812E-09,+3.70030163973564E+00,+3.76755765825510E+00
+19.35625E-09,+3.71155792102214E+00,+3.76755765825510E+00
+19.43437E-09,+3.72542726760724E+00,+3.76755765825510E+00
+19.51250E-09,+3.74432173976667E+00,+3.76755765825510E+00
+19.59062E-09,+3.75678405119102E+00,+3.76755765825510E+00
+19.66875E-09,+3.76683430233966E+00,+3.76373856281864E+00
+19.74687E-09,+3.77306545805184E+00,+3.76253253268078E+00
+19.82500E-09,+3.77809058362616E+00,+3.76253253268078E+00
+19.90312E-09,+3.77929661376402E+00,+3.76253253268078E+00
+19.98125E-09,+3.77929661376402E+00,+3.76253253268078E+00
+20.05937E-09,+3.77547751832755E+00,+3.76253253268078E+00
+20.13750E-09,+3.77427148818970E+00,+3.76253253268078E+00
+20.21562E-09,+3.77045239275323E+00,+3.76253253268078E+00
+20.29375E-09,+3.76924636261538E+00,+3.76253253268078E+00
+20.37187E-09,+3.76924636261538E+00,+3.76635162811724E+00
+20.45000E-09,+3.76924636261538E+00,+3.76755765825510E+00
+20.52812E-09,+3.76924636261538E+00,+3.76755765825510E+00
+20.60625E-09,+3.76924636261538E+00,+3.76755765825510E+00
+20.68437E-09,+3.76924636261538E+00,+3.76755765825510E+00
+20.76250E-09,+3.76924636261538E+00,+3.76755765825510E+00
+20.84062E-09,+3.77306545805184E+00,+3.76755765825510E+00
+20.91875E-09,+3.77427148818970E+00,+3.76755765825510E+00
+20.99687E-09,+3.77427148818970E+00,+3.76755765825510E+00
+21.07500E-09,+3.77427148818970E+00,+3.76755765825510E+00
+21.15312E-09,+3.77427148818970E+00,+3.76755765825510E+00
+21.23125E-09,+3.77427148818970E+00,+3.76755765825510E+00
+21.30937E-09,+3.77427148818970E+00,+3.76755765825510E+00
+21.38750E-09,+3.77045239275323E+00,+3.76755765825510E+00
+21.46562E-09,+3.76924636261538E+00,+3.76755765825510E+00
+21.54375E-09,+3.76924636261538E+00,+3.76755765825510E+00
+21.62187E-09,+3.76924636261538E+00,+3.76755765825510E+00